縣市,門市,抽選時間,型號,商品,抽獎連結,官方帳號,加好友連結,已抽
台北市,Funbox 南港潤泰,抽選/購買時間：2026/10/02 11:00~2026/10/03 21:00,UX-01,UX-01 蒼龍爆刃,https://lin.ee/yF6X0kS,,,
台北市,Funbox 南港潤泰,抽選/購買時間：2026/10/02 11:00~2026/10/03 21:00,UX-03,UX-03 魔導神杖,https://lin.ee/vjM90kw,,,
台北市,Funbox 南港潤泰,抽選/購買時間：2026/10/02 11:00~2026/10/03 21:00,UX-13,UX-13 魔像奇岩,https://lin.ee/sNu8WCk,,,
台北市,Funbox 南港潤泰,抽選/購買時間：2026/10/02 11:00~2026/10/03 21:00,UX-14,UX-14 天蠍長矛,https://lin.ee/z6Wbn1Q,,,
台北市,Funbox 南港潤泰,抽選/購買時間：2026/10/02 11:00~2026/10/03 21:00,UX-16,UX-16 時鐘幻象 隨機強化組,https://lin.ee/Wu7KWWS,,,
台北市,Funbox 南港潤泰,抽選/購買時間：2026/10/02 11:00~2026/10/03 21:00,UX-17,UX-17 隕星龍騎士（左迴旋）,https://lin.ee/uZzH2S6,,,
台北市,Funbox 南港潤泰,抽選/購買時間：2026/10/02 11:00~2026/10/03 21:00,UX-19,UX-19 子彈獅鷲,https://lin.ee/7RQgmux,,,
台北市,Funbox 南港潤泰,抽選/購買時間：2026/10/02 11:00~2026/10/03 21:00,CX-00,CX-00 新世紀福音戰士改造組,https://lin.ee/rdX8gu7,,,
台北市,Funbox 南港潤泰,抽選/購買時間：2026/10/02 11:00~2026/10/03 21:00,CX-01,CX-01 蒼龍勇氣,https://lin.ee/nHUAzJ0,,,
台北市,Funbox 南港潤泰,抽選/購買時間：2026/10/02 11:00~2026/10/03 21:00,CX-02,CX-02 魔導至尊,https://lin.ee/WmkOaO1,,,
台北市,Funbox 南港潤泰,抽選/購買時間：2026/10/02 11:00~2026/10/03 21:00,CX-03,CX-03 英仙幽冥,https://lin.ee/XuvQPtao,,,
台北市,Funbox 南港潤泰,抽選/購買時間：2026/10/02 11:00~2026/10/03 21:00,CX-05,CX-05 隨機強化組Vol.6,https://lin.ee/OPkYwve,,,
台北市,Funbox 南港潤泰,抽選/購買時間：2026/10/02 11:00~2026/10/03 21:00,CX-08,CX-08 隨機強化組Vol.7,https://lin.ee/9uUlN6m2,,,
台北市,Funbox 南港潤泰,抽選/購買時間：2026/10/02 11:00~2026/10/03 21:00,CX-11,CX-11 帝王威能改造組,https://lin.ee/QaqrfPC,,,
台北市,Funbox 南港潤泰,抽選/購買時間：2026/10/02 11:00~2026/10/03 21:00,CX-13,CX-13 龍王閃擊,https://lin.ee/NFpN4G4,,,
台北市,Funbox 南港潤泰,抽選/購買時間：2026/10/02 11:00~2026/10/03 21:00,CX-14,CX-14 騎士堡壘,https://lin.ee/St82m6y,,,
台北市,Funbox 南港潤泰,抽選/購買時間：2026/10/02 11:00~2026/10/03 21:00,CX-15,CX-15 邪神狂怒,https://lin.ee/sMNeBW7,,,
台北市,Funbox 南港潤泰,抽選/購買時間：2026/10/02 11:00~2026/10/03 21:00,CX-16,CX-16 極限衝擊對戰組C,https://lin.ee/yYWqrgR,,,
台北市,Funbox 南港潤泰,抽選/購買時間：2026/10/02 11:00~2026/10/03 21:00,CX-19,CX-19 鱷魚裂甲,https://lin.ee/PvQSP4Z,,,
台北市,Funbox 南港潤泰,抽選/購買時間：2026/10/02 11:00~2026/10/03 21:00,BXG-01,BXG-01 烈焰飛鳳S,https://lin.ee/x2ykNes,,,
台北市,Funbox 信義A8,抽選/購買時間：2026/10/02 11:00~2026/10/03 21:00,UX-01,UX-01 蒼龍爆刃,https://lin.ee/ozAu9Hp,,,
台北市,Funbox 信義A8,抽選/購買時間：2026/10/02 11:00~2026/10/03 21:00,UX-03,UX-03 魔導神杖,https://lin.ee/tqYq5ai,,,
台北市,Funbox 信義A8,抽選/購買時間：2026/10/02 11:00~2026/10/03 21:00,UX-13,UX-13 魔像奇岩,https://lin.ee/vjuRENY,,,
台北市,Funbox 信義A8,抽選/購買時間：2026/10/02 11:00~2026/10/03 21:00,UX-14,UX-14 天蠍長矛0-70Z,https://lin.ee/t5JoVOZ,,,
台北市,Funbox 信義A8,抽選/購買時間：2026/10/02 11:00~2026/10/03 21:00,UX-16,UX-16 時鐘幻象 隨機強化組,https://lin.ee/Zw7zOX8,,,
台北市,Funbox 信義A8,抽選/購買時間：2026/10/02 11:00~2026/10/03 21:00,UX-17,UX-17 隕星龍騎士3-70J,https://lin.ee/n51N5Su,,,
台北市,Funbox 信義A8,抽選/購買時間：2026/10/02 11:00~2026/10/03 21:00,UX-19,UX-19 子彈獅鷲H,https://lin.ee/SKirLcd,,,
台北市,Funbox 信義A8,抽選/購買時間：2026/10/02 11:00~2026/10/03 21:00,CX-00,CX-00 新世紀福音戰士改造組,https://lin.ee/rq9WA14,,,
台北市,Funbox 信義A8,抽選/購買時間：2026/10/02 11:00~2026/10/03 21:00,CX-01,CX-01 蒼龍勇氣,https://lin.ee/wl6n4ZB,,,
台北市,Funbox 信義A8,抽選/購買時間：2026/10/02 11:00~2026/10/03 21:00,CX-02,CX-02 魔導至尊,https://lin.ee/VAzPsVy,,,
台北市,Funbox 信義A8,抽選/購買時間：2026/10/02 11:00~2026/10/03 21:00,CX-03,CX-03 英仙幽冥,https://lin.ee/YQuuvbFH,,,
台北市,Funbox 信義A8,抽選/購買時間：2026/10/02 11:00~2026/10/03 21:00,CX-05,CX-05 隨機強化組 Vol.6,https://lin.ee/ZPgX6Fn,,,
台北市,Funbox 信義A8,抽選/購買時間：2026/10/02 11:00~2026/10/03 21:00,CX-08,CX-08 隨機強化組 Vol.7,https://lin.ee/oIA4UCI,,,
台北市,Funbox 信義A8,抽選/購買時間：2026/10/02 11:00~2026/10/03 21:00,CX-13,CX-13 龍王閃擊,https://lin.ee/Uzy5qqB,,,
台北市,Funbox 信義A8,抽選/購買時間：2026/10/02 11:00~2026/10/03 21:00,CX-14,CX-14 騎士堡壘,https://lin.ee/6oKq3Hi,,,
台北市,Funbox 信義A8,抽選/購買時間：2026/10/02 11:00~2026/10/03 21:00,CX-15,CX-15 邪神狂怒,https://lin.ee/pYYm51a,,,
台北市,Funbox 信義A8,抽選/購買時間：2026/10/02 11:00~2026/10/03 21:00,CX-16,CX-16 極限衝擊對戰組C,https://lin.ee/trPxoT5,,,
台北市,Funbox 信義A8,抽選/購買時間：2026/10/02 11:00~2026/10/03 21:00,CX-17,CX-17 隨機強化組 Vol.10,https://lin.ee/ydGwzvN,,,
台北市,Funbox-忠孝SOGO店,抽選/購買時間：2026/10/02 11:00~2026/10/03 21:00,UX-01,UX-01 蒼龍爆刃,https://lin.ee/YMVtTVb,,,
台北市,Funbox-忠孝SOGO店,抽選/購買時間：2026/10/02 11:00~2026/10/03 21:00,UX-03,UX-03 魔導神杖,https://lin.ee/zL9A0bU,,,
台北市,Funbox-忠孝SOGO店,抽選/購買時間：2026/10/02 11:00~2026/10/03 21:00,UX-13,UX-13 魔像奇岩,https://lin.ee/q1KM7Ua,,,
台北市,Funbox-忠孝SOGO店,抽選/購買時間：2026/10/02 11:00~2026/10/03 21:00,UX-14,UX-14 天蠍長矛0-70Z,https://lin.ee/TIvACn4,,,
台北市,Funbox-忠孝SOGO店,抽選/購買時間：2026/10/02 11:00~2026/10/03 21:00,UX-16,UX-16 時鐘幻象 隨機強化組,https://lin.ee/Nryv8zhu,,,
台北市,Funbox-忠孝SOGO店,抽選/購買時間：2026/10/02 11:00~2026/10/03 21:00,UX-17,UX-17 隕星龍騎士3-70J,https://lin.ee/Tp67h5G,,,
台北市,Funbox-忠孝SOGO店,抽選/購買時間：2026/10/02 11:00~2026/10/03 21:00,CX-00,CX-00 新世紀福音戰士改造組,https://lin.ee/5NY1bAc,,,
台北市,Funbox-忠孝SOGO店,抽選/購買時間：2026/10/02 11:00~2026/10/03 21:00,CX-01,CX-01 蒼龍勇氣,https://lin.ee/sSPVTS8,,,
台北市,Funbox-忠孝SOGO店,抽選/購買時間：2026/10/02 11:00~2026/10/03 21:00,CX-02,CX-02 魔導至尊,https://lin.ee/oAvh403,,,
台北市,Funbox-忠孝SOGO店,抽選/購買時間：2026/10/02 11:00~2026/10/03 21:00,CX-03,CX-03 英仙幽冥,https://lin.ee/Rq18wdb,,,
台北市,Funbox-忠孝SOGO店,抽選/購買時間：2026/10/02 11:00~2026/10/03 21:00,CX-05,CX-05 隨機強化組 Vol.6,https://lin.ee/N1c520K,,,
台北市,Funbox-忠孝SOGO店,抽選/購買時間：2026/10/02 11:00~2026/10/03 21:00,CX-08,CX-08 隨機強化組 Vol.7,https://lin.ee/pciMk1q,,,
台北市,Funbox-忠孝SOGO店,抽選/購買時間：2026/10/02 11:00~2026/10/03 21:00,CX-13,CX-13 龍王閃擊,https://lin.ee/sOyJHV4,,,
台北市,Funbox-忠孝SOGO店,抽選/購買時間：2026/10/02 11:00~2026/10/03 21:00,CX-14,CX-14 騎士堡壘,https://lin.ee/siHEN7F,,,
台北市,Funbox-忠孝SOGO店,抽選/購買時間：2026/10/02 11:00~2026/10/03 21:00,CX-15,CX-15 邪神狂怒,https://lin.ee/svqzhdlh,,,
台北市,Funbox-忠孝SOGO店,抽選/購買時間：2026/10/02 11:00~2026/10/03 21:00,CX-16,CX-16 極限衝擊對戰組C,https://lin.ee/8P8N87X,,,
台北市,Funbox-忠孝SOGO店,抽選/購買時間：2026/10/02 11:00~2026/10/03 21:00,CX-19,CX-19 鱷魚裂甲,https://lin.ee/SpqGO7v,,,
台中市,Funbox 台中港三井店,抽籤時間&使用期限：2026/10/02 11:00~2026/10/03 20:30,UX-01,UX-01 蒼龍爆刃,https://lin.ee/ZofKvDO,@816xpruh,https://line.me/ti/p/~@816xpruh,
台中市,Funbox 台中港三井店,抽籤時間&使用期限：2026/10/02 11:00~2026/10/03 20:30,UX-03,UX-03 魔導神杖,https://lin.ee/OFaJA5y,@816xpruh,https://line.me/ti/p/~@816xpruh,
台中市,Funbox 台中港三井店,抽籤時間&使用期限：2026/10/02 11:00~2026/10/03 20:30,UX-13,UX-13 魔像奇岩,https://lin.ee/NdOrtym,@816xpruh,https://line.me/ti/p/~@816xpruh,
台中市,Funbox 台中港三井店,抽籤時間&使用期限：2026/10/02 11:00~2026/10/03 20:30,UX-14,UX-14 天蠍長矛0-70Z,https://lin.ee/Zr2U2xb,@816xpruh,https://line.me/ti/p/~@816xpruh,
台中市,Funbox 台中港三井店,抽籤時間&使用期限：2026/10/02 11:00~2026/10/03 20:30,UX-15,UX-15 鮫鯊狂鱗改造組,https://lin.ee/soLfDqD,@816xpruh,https://line.me/ti/p/~@816xpruh,
台中市,Funbox 台中港三井店,抽籤時間&使用期限：2026/10/02 11:00~2026/10/03 20:30,UX-16,UX-16 時鐘幻象 隨機強化組,https://lin.ee/X4QZpE2,@816xpruh,https://line.me/ti/p/~@816xpruh,
台中市,Funbox 台中港三井店,抽籤時間&使用期限：2026/10/02 11:00~2026/10/03 20:30,UX-17,UX-17 隕星龍騎士3-70J,https://lin.ee/PwNIwGj,@816xpruh,https://line.me/ti/p/~@816xpruh,
台中市,Funbox 台中港三井店,抽籤時間&使用期限：2026/10/02 11:00~2026/10/03 20:30,UX-19,UX-19 子彈獅鷲H,https://lin.ee/py7n7LO,@816xpruh,https://line.me/ti/p/~@816xpruh,
台中市,Funbox 台中港三井店,抽籤時間&使用期限：2026/10/02 11:00~2026/10/03 20:30,CX-00,CX-00 新世紀福音戰士改造組,https://lin.ee/oHuDgZs,@816xpruh,https://line.me/ti/p/~@816xpruh,
台中市,Funbox 台中港三井店,抽籤時間&使用期限：2026/10/02 11:00~2026/10/03 20:30,CX-01,CX-01 蒼龍勇氣,https://lin.ee/YsvZVoC,@816xpruh,https://line.me/ti/p/~@816xpruh,
台中市,Funbox 台中港三井店,抽籤時間&使用期限：2026/10/02 11:00~2026/10/03 20:30,CX-02,CX-02 魔導至尊,https://lin.ee/pi0x0uz,@816xpruh,https://line.me/ti/p/~@816xpruh,
台中市,Funbox 台中港三井店,抽籤時間&使用期限：2026/10/02 11:00~2026/10/03 20:30,CX-03,CX-03 英仙幽冥,https://lin.ee/Sdho5Am,@816xpruh,https://line.me/ti/p/~@816xpruh,
台中市,Funbox 台中港三井店,抽籤時間&使用期限：2026/10/02 11:00~2026/10/03 20:30,CX-05,CX-05 隨機強化組 Vol.6,https://lin.ee/7sxiuN5,@816xpruh,https://line.me/ti/p/~@816xpruh,
台中市,Funbox 台中港三井店,抽籤時間&使用期限：2026/10/02 11:00~2026/10/03 20:30,CX-08,CX-08 隨機強化組 Vol.7,https://lin.ee/yZjWuvr,@816xpruh,https://line.me/ti/p/~@816xpruh,
台中市,Funbox 台中港三井店,抽籤時間&使用期限：2026/10/02 11:00~2026/10/03 20:30,CX-11,CX-11 帝王威能,https://lin.ee/Sk0DG3c,@816xpruh,https://line.me/ti/p/~@816xpruh,
台中市,Funbox 台中港三井店,抽籤時間&使用期限：2026/10/02 11:00~2026/10/03 20:30,CX-13,CX-13 龍王閃擊,https://lin.ee/VB3gqT1,@816xpruh,https://line.me/ti/p/~@816xpruh,
台中市,Funbox 台中港三井店,抽籤時間&使用期限：2026/10/02 11:00~2026/10/03 20:30,CX-14,CX-14 騎士堡壘,https://lin.ee/pfb4TOG,@816xpruh,https://line.me/ti/p/~@816xpruh,
台中市,Funbox 台中港三井店,抽籤時間&使用期限：2026/10/02 11:00~2026/10/03 20:30,CX-15,CX-15 邪神狂怒,https://lin.ee/ptCxdlW,@816xpruh,https://line.me/ti/p/~@816xpruh,
台中市,Funbox 台中港三井店,抽籤時間&使用期限：2026/10/02 11:00~2026/10/03 20:30,CX-16,CX-16 極限衝擊對戰組C,https://lin.ee/zcHBslZ,@816xpruh,https://line.me/ti/p/~@816xpruh,
台中市,Funbox 台中港三井店,抽籤時間&使用期限：2026/10/02 11:00~2026/10/03 20:30,CX-17,CX-17 隨機強化組 Vol.10,https://lin.ee/UOcsn5j,@816xpruh,https://line.me/ti/p/~@816xpruh,
台中市,Funbox 廣三SOGO,抽選/購買時間：2026/10/02 11:00~2026/10/03 21:00,UX-01,UX-01 蒼龍爆刃,https://lin.ee/yJQF6Kn,@526bsjmb,https://line.me/ti/p/~@526bsjmb,
台中市,Funbox 廣三SOGO,抽選/購買時間：2026/10/02 11:00~2026/10/03 21:00,UX-03,UX-03 魔導神杖,https://lin.ee/ntDeAVb,@526bsjmb,https://line.me/ti/p/~@526bsjmb,
台中市,Funbox 廣三SOGO,抽選/購買時間：2026/10/02 11:00~2026/10/03 21:00,UX-13,UX-13 魔像奇岩,https://lin.ee/wy4GieJ,@526bsjmb,https://line.me/ti/p/~@526bsjmb,
台中市,Funbox 廣三SOGO,抽選/購買時間：2026/10/02 11:00~2026/10/03 21:00,UX-17,UX-17 隕星龍騎士3-70J,https://lin.ee/tqijn8k,@526bsjmb,https://line.me/ti/p/~@526bsjmb,
台中市,Funbox 廣三SOGO,抽選/購買時間：2026/10/02 11:00~2026/10/03 21:00,CX-00,CX-00 新世紀福音戰士改造組,https://lin.ee/U8syXaY,@526bsjmb,https://line.me/ti/p/~@526bsjmb,
台中市,Funbox 廣三SOGO,抽選/購買時間：2026/10/02 11:00~2026/10/03 21:00,CX-02,CX-02 魔導至尊,https://lin.ee/UaKmVDa,@526bsjmb,https://line.me/ti/p/~@526bsjmb,
台中市,Funbox 廣三SOGO,抽選/購買時間：2026/10/02 11:00~2026/10/03 21:00,CX-03,CX-03 英仙幽冥,https://lin.ee/oiSXAn1,@526bsjmb,https://line.me/ti/p/~@526bsjmb,
台中市,Funbox 廣三SOGO,抽選/購買時間：2026/10/02 11:00~2026/10/03 21:00,CX-11,CX-11 帝王威能,https://lin.ee/TciLCEC,@526bsjmb,https://line.me/ti/p/~@526bsjmb,
台中市,Funbox 廣三SOGO,抽選/購買時間：2026/10/02 11:00~2026/10/03 21:00,CX-13,CX-13 龍王閃擊,https://lin.ee/TozK3fz,@526bsjmb,https://line.me/ti/p/~@526bsjmb,
台中市,Funbox 廣三SOGO,抽選/購買時間：2026/10/02 11:00~2026/10/03 21:00,CX-15,CX-15 邪神狂怒,https://lin.ee/pbUgIUI,@526bsjmb,https://line.me/ti/p/~@526bsjmb,
高雄市,來玩聚 鳳山店,戰鬥陀螺X抽籤及販售時間：2026/10/02 11:00~2026/10/03 21:00,UX-01,UX-01 蒼龍爆刃,https://lin.ee/QIU3f5L,@189yvcce,https://line.me/ti/p/~@189yvcce,
高雄市,來玩聚 鳳山店,戰鬥陀螺X抽籤及販售時間：2026/10/02 11:00~2026/10/03 21:00,UX-13,UX-13 魔像奇岩,https://lin.ee/zAXa02c,@189yvcce,https://line.me/ti/p/~@189yvcce,
高雄市,來玩聚 鳳山店,戰鬥陀螺X抽籤及販售時間：2026/10/02 11:00~2026/10/03 21:00,UX-14,UX-14 天蠍長矛,https://lin.ee/rjur6g8,@189yvcce,https://line.me/ti/p/~@189yvcce,
高雄市,來玩聚 鳳山店,戰鬥陀螺X抽籤及販售時間：2026/10/02 11:00~2026/10/03 21:00,UX-16,UX-16 時鐘幻想 隨機強化組,https://lin.ee/8ynP27v,@189yvcce,https://line.me/ti/p/~@189yvcce,
高雄市,來玩聚 鳳山店,戰鬥陀螺X抽籤及販售時間：2026/10/02 11:00~2026/10/03 21:00,UX-17,UX-17 隕星龍騎士,https://lin.ee/ZfRp9R8,@189yvcce,https://line.me/ti/p/~@189yvcce,
高雄市,來玩聚 鳳山店,戰鬥陀螺X抽籤及販售時間：2026/10/02 11:00~2026/10/03 21:00,CX-01,CX-01 蒼龍勇氣,https://lin.ee/QQs5HUL,@189yvcce,https://line.me/ti/p/~@189yvcce,
高雄市,來玩聚 鳳山店,戰鬥陀螺X抽籤及販售時間：2026/10/02 11:00~2026/10/03 21:00,CX-02,CX-02 魔導至尊,https://lin.ee/ZueURr97,@189yvcce,https://line.me/ti/p/~@189yvcce,
高雄市,來玩聚 鳳山店,戰鬥陀螺X抽籤及販售時間：2026/10/02 11:00~2026/10/03 21:00,CX-03,CX-03 英仙幽冥,https://lin.ee/wQdownCB,@189yvcce,https://line.me/ti/p/~@189yvcce,
高雄市,來玩聚 鳳山店,戰鬥陀螺X抽籤及販售時間：2026/10/02 11:00~2026/10/03 21:00,CX-05,CX-05 隨機強化組 Vol.6,https://lin.ee/SE55y5l,@189yvcce,https://line.me/ti/p/~@189yvcce,
高雄市,來玩聚 鳳山店,戰鬥陀螺X抽籤及販售時間：2026/10/02 11:00~2026/10/03 21:00,CX-08,CX-08 隨機強化組 Vol.7,https://lin.ee/QftfrRz,@189yvcce,https://line.me/ti/p/~@189yvcce,
高雄市,來玩聚 鳳山店,戰鬥陀螺X抽籤及販售時間：2026/10/02 11:00~2026/10/03 21:00,CX-13,CX-13 龍王閃擊,https://lin.ee/wyUzq7J,@189yvcce,https://line.me/ti/p/~@189yvcce,
高雄市,來玩聚 鳳山店,戰鬥陀螺X抽籤及販售時間：2026/10/02 11:00~2026/10/03 21:00,CX-14,CX-14 騎士堡壘,https://lin.ee/nBeVOX9,@189yvcce,https://line.me/ti/p/~@189yvcce,
高雄市,來玩聚 鳳山店,戰鬥陀螺X抽籤及販售時間：2026/10/02 11:00~2026/10/03 21:00,CX-15,CX-15 邪神狂怒,https://lin.ee/rTw5wF9,@189yvcce,https://line.me/ti/p/~@189yvcce,
屏東縣,來玩聚 新屏店,抽選資格&購買時間：2026/10/02 11:00~2026/10/03 20:00,UX-03,UX-03 魔導神杖,https://lin.ee/9d3mdEt,@308oaews,https://line.me/ti/p/~@308oaews,
屏東縣,來玩聚 新屏店,抽選資格&購買時間：2026/10/02 11:00~2026/10/03 20:00,UX-13,UX-13 魔像奇岩,https://lin.ee/qZNTgWS,@308oaews,https://line.me/ti/p/~@308oaews,
屏東縣,來玩聚 新屏店,抽選資格&購買時間：2026/10/02 11:00~2026/10/03 20:00,UX-14,UX-14 天蠍長矛0-70Z,https://lin.ee/sK3IHqZ,@308oaews,https://line.me/ti/p/~@308oaews,
屏東縣,來玩聚 新屏店,抽選資格&購買時間：2026/10/02 11:00~2026/10/03 20:00,UX-16,UX-16 時鐘幻象 隨機強化組,https://lin.ee/vGMRk3n,@308oaews,https://line.me/ti/p/~@308oaews,
屏東縣,來玩聚 新屏店,抽選資格&購買時間：2026/10/02 11:00~2026/10/03 20:00,UX-17,UX-17 隕星龍騎士3-70J,https://lin.ee/swWkCuT,@308oaews,https://line.me/ti/p/~@308oaews,
屏東縣,來玩聚 新屏店,抽選資格&購買時間：2026/10/02 11:00~2026/10/03 20:00,UX-19,UX-19 子彈獅鷲H,https://lin.ee/op5iPxx,@308oaews,https://line.me/ti/p/~@308oaews,
屏東縣,來玩聚 新屏店,抽選資格&購買時間：2026/10/02 11:00~2026/10/03 20:00,UX-20,UX-20 榮耀武神LF,https://lin.ee/NwHC5S5,@308oaews,https://line.me/ti/p/~@308oaews,
屏東縣,來玩聚 新屏店,抽選資格&購買時間：2026/10/02 11:00~2026/10/03 20:00,CX-00,CX-00 新世紀福音戰士改造組,https://lin.ee/UCkBxJA,@308oaews,https://line.me/ti/p/~@308oaews,
屏東縣,來玩聚 新屏店,抽選資格&購買時間：2026/10/02 11:00~2026/10/03 20:00,CX-01,CX-01 蒼龍勇氣,https://lin.ee/XqvShoG,@308oaews,https://line.me/ti/p/~@308oaews,
屏東縣,來玩聚 新屏店,抽選資格&購買時間：2026/10/02 11:00~2026/10/03 20:00,CX-02,CX-02 魔導至尊,https://lin.ee/64yqFgq,@308oaews,https://line.me/ti/p/~@308oaews,
屏東縣,來玩聚 新屏店,抽選資格&購買時間：2026/10/02 11:00~2026/10/03 20:00,CX-03,CX-03 英仙幽冥,https://lin.ee/WwZZx5e,@308oaews,https://line.me/ti/p/~@308oaews,
屏東縣,來玩聚 新屏店,抽選資格&購買時間：2026/10/02 11:00~2026/10/03 20:00,CX-05,CX-05 隨機強化組 Vol.6,https://lin.ee/oEHawqv,@308oaews,https://line.me/ti/p/~@308oaews,
屏東縣,來玩聚 新屏店,抽選資格&購買時間：2026/10/02 11:00~2026/10/03 20:00,CX-08,CX-08 隨機強化組 Vol.7,https://lin.ee/vKcRLoR,@308oaews,https://line.me/ti/p/~@308oaews,
屏東縣,來玩聚 新屏店,抽選資格&購買時間：2026/10/02 11:00~2026/10/03 20:00,CX-11,CX-11 帝王威能,https://lin.ee/o5eRuke,@308oaews,https://line.me/ti/p/~@308oaews,
屏東縣,來玩聚 新屏店,抽選資格&購買時間：2026/10/02 11:00~2026/10/03 20:00,CX-13,CX-13 龍王閃擊,https://lin.ee/6JvrabQ,@308oaews,https://line.me/ti/p/~@308oaews,
屏東縣,來玩聚 新屏店,抽選資格&購買時間：2026/10/02 11:00~2026/10/03 20:00,CX-14,CX-14 騎士堡壘,https://lin.ee/vqAdkpZt,@308oaews,https://line.me/ti/p/~@308oaews,
屏東縣,來玩聚 新屏店,抽選資格&購買時間：2026/10/02 11:00~2026/10/03 20:00,CX-15,CX-15 邪神狂怒,https://lin.ee/WPA2XJQ,@308oaews,https://line.me/ti/p/~@308oaews,
屏東縣,來玩聚 新屏店,抽選資格&購買時間：2026/10/02 11:00~2026/10/03 20:00,CX-16,CX-16 極限衝擊對戰組C,https://lin.ee/9mxn3bm,@308oaews,https://line.me/ti/p/~@308oaews,
屏東縣,來玩聚 新屏店,抽選資格&購買時間：2026/10/02 11:00~2026/10/03 20:00,CX-17,CX-17 隨機強化組 Vol.10,https://lin.ee/rR5CKk1,@308oaews,https://line.me/ti/p/~@308oaews,
